04/25/2019 23:27:11             ;   ;                       ;0.327              ;384.479           ;     ;           ;         ;     ;  ;           ;          
04/25/2019 23:27:10             ;   ;                       ;0.327              ;384.479           ;     ;           ;         ;     ;  ;           ;          
04/25/2019 23:27:09             ;   ;                       ;0.327              ;384.479           ;     ;           ;         ;     ;  ;           ;          
04/25/2019 23:27:08             ;   ;                       ;0.327              ;384.479           ;     ;           ;         ;     ;  ;           ;          
04/25/2019 23:27:07             ;   ;                       ;0.327              ;384.479           ;     ;           ;         ;     ;  ;           ;          
04/25/2019 23:27:06             ;   ;                       ;0.327              ;384.480           ;     ;           ;         ;     ;  ;           ;          
04/25/2019 23:27:05             ;   ;                       ;0.327              ;384.480           ;     ;           ;         ;     ;  ;           ;          
04/25/2019 23:27:04             ;   ;                       ;0.327              ;384.480           ;     ;           ;         ;     ;  ;           ;          
04/25/2019 23:27:03             ;   ;                       ;0.327              ;384.480           ;     ;           ;         ;     ;  ;           ;          
04/25/2019 23:27:02             ;   ;                       ;0.327              ;384.480           ;     ;           ;         ;     ;  ;           ;          
04/25/2019 23:27:01             ;   ;                       ;0.327              ;384.480           ;     ;           ;         ;     ;  ;           ;          
04/25/2019 23:27:00             ;   ;                       ;0.327              ;384.480           ;     ;           ;         ;     ;  ;           ;          
04/25/2019 23:26:59             ;   ;                       ;0.327              ;384.480           ;     ;           ;         ;     ;  ;           ;          
04/25/2019 23:26:58             ;   ;                       ;0.327              ;384.480           ;     ;           ;         ;     ;  ;           ;          
04/25/2019 23:26:57             ;   ;                       ;0.327              ;384.480           ;     ;           ;         ;     ;  ;           ;          
04/25/2019 23:26:56             ;   ;                       ;0.327              ;384.480           ;     ;           ;         ;     ;  ;           ;          
04/25/2019 23:26:55             ;   ;                       ;0.327              ;384.479           ;     ;           ;         ;     ;  ;           ;          
04/25/2019 23:26:54             ;   ;                       ;0.327              ;384.479           ;     ;           ;         ;     ;  ;           ;          
04/25/2019 23:26:53             ;   ;                       ;0.327              ;384.479           ;     ;           ;         ;     ;  ;           ;          
04/25/2019 23:26:52             ;   ;                       ;0.327              ;384.479           ;     ;           ;         ;     ;  ;           ;          
04/25/2019 23:26:51             ;   ;                       ;0.327              ;384.478           ;     ;           ;         ;     ;  ;           ;          
04/25/2019 23:26:50             ;   ;                       ;0.327              ;384.478           ;     ;           ;         ;     ;  ;           ;          
04/25/2019 23:26:49             ;   ;                       ;0.327              ;384.478           ;     ;           ;         ;     ;  ;           ;          
04/25/2019 23:26:48             ;   ;                       ;0.327              ;384.477           ;     ;           ;         ;     ;  ;           ;          
04/25/2019 23:26:47             ;   ;                       ;0.327              ;384.477           ;     ;           ;         ;     ;  ;           ;          
04/25/2019 23:26:46             ;   ;                       ;0.327              ;384.477           ;     ;           ;         ;     ;  ;           ;          
04/25/2019 23:26:45             ;   ;                       ;0.327              ;384.476           ;     ;           ;         ;     ;  ;           ;          
04/25/2019 23:26:44             ;   ;                       ;0.327              ;384.476           ;     ;           ;         ;     ;  ;           ;          
04/25/2019 23:26:43             ;   ;                       ;0.327              ;384.475           ;     ;           ;         ;     ;  ;           ;          
04/25/2019 23:26:42             ;   ;                       ;0.327              ;384.475           ;     ;           ;         ;     ;  ;           ;          
04/25/2019 23:26:41             ;   ;                       ;0.327              ;384.474           ;     ;           ;         ;     ;  ;           ;          
04/25/2019 23:26:40             ;   ;                       ;0.327              ;384.474           ;     ;           ;         ;     ;  ;           ;          
04/25/2019 23:26:39             ;   ;                       ;0.327              ;384.473           ;     ;           ;         ;     ;  ;           ;          
04/25/2019 23:26:38             ;   ;                       ;0.327              ;384.473           ;     ;           ;         ;     ;  ;           ;          
04/25/2019 23:26:37             ;   ;                       ;0.327              ;384.472           ;     ;           ;         ;     ;  ;           ;          
04/25/2019 23:26:36             ;   ;                       ;0.327              ;384.472           ;     ;           ;         ;     ;  ;           ;          
04/25/2019 23:26:35             ;   ;                       ;0.327              ;384.471           ;     ;           ;         ;     ;  ;           ;          
04/25/2019 23:26:34             ;   ;                       ;0.327              ;384.471           ;     ;           ;         ;     ;  ;           ;          
04/25/2019 23:26:33             ;   ;                       ;0.327              ;384.470           ;     ;           ;         ;     ;  ;           ;          
04/25/2019 23:26:32             ;   ;                       ;0.327              ;384.470           ;     ;           ;         ;     ;  ;           ;          
04/25/2019 23:26:31             ;   ;                       ;0.327              ;384.469           ;     ;           ;         ;     ;  ;           ;          
04/25/2019 23:26:30             ;   ;                       ;0.327              ;384.469           ;     ;           ;         ;     ;  ;           ;          
04/25/2019 23:26:29             ;   ;                       ;0.327              ;384.468           ;     ;           ;         ;     ;  ;           ;          
04/25/2019 23:26:28             ;   ;                       ;0.327              ;384.468           ;     ;           ;         ;     ;  ;           ;          
04/25/2019 23:26:27             ;   ;                       ;0.327              ;384.468           ;     ;           ;         ;     ;  ;           ;          
04/25/2019 23:26:26             ;   ;                       ;0.327              ;384.467           ;     ;           ;         ;     ;  ;           ;          
04/25/2019 23:26:25             ;   ;                       ;0.327              ;384.467           ;     ;           ;         ;     ;  ;           ;          
04/25/2019 23:26:24             ;   ;                       ;0.327              ;384.467           ;     ;           ;         ;     ;  ;           ;          
04/25/2019 23:26:23             ;   ;                       ;0.327              ;384.467           ;     ;           ;         ;     ;  ;           ;          
04/25/2019 23:26:22             ;   ;                       ;0.327              ;384.467           ;     ;           ;         ;     ;  ;           ;          
04/25/2019 23:26:21             ;   ;                       ;0.327              ;384.466           ;     ;           ;         ;     ;  ;           ;          
04/25/2019 23:26:20             ;   ;                       ;0.327              ;384.466           ;     ;           ;         ;     ;  ;           ;          
04/25/2019 23:26:19             ;   ;                       ;0.327              ;384.466           ;     ;           ;         ;     ;  ;           ;          
04/25/2019 23:26:18             ;   ;                       ;0.327              ;384.467           ;     ;           ;         ;     ;  ;           ;          
04/25/2019 23:26:17             ;   ;                       ;0.327              ;384.467           ;     ;           ;         ;     ;  ;           ;          
04/25/2019 23:26:16             ;   ;                       ;0.327              ;384.467           ;     ;           ;         ;     ;  ;           ;          
04/25/2019 23:26:15             ;   ;                       ;0.327              ;384.467           ;     ;           ;         ;     ;  ;           ;          
04/25/2019 23:26:14             ;   ;                       ;0.327              ;384.468           ;     ;           ;         ;     ;  ;           ;          
04/25/2019 23:26:13             ;   ;                       ;0.327              ;384.468           ;     ;           ;         ;     ;  ;           ;          
04/25/2019 23:26:12             ;   ;                       ;0.327              ;384.468           ;     ;           ;         ;     ;  ;           ;          
04/25/2019 23:26:11             ;   ;                       ;0.327              ;384.469           ;     ;           ;         ;     ;  ;           ;          
04/25/2019 23:26:10             ;   ;                       ;0.327              ;384.470           ;     ;           ;         ;     ;  ;           ;          
04/25/2019 23:26:09             ;   ;                       ;0.327              ;384.470           ;     ;           ;         ;     ;  ;           ;          
04/25/2019 23:26:08             ;   ;                       ;0.327              ;384.471           ;     ;           ;         ;     ;  ;           ;          
04/25/2019 23:26:07             ;   ;                       ;0.327              ;384.472           ;     ;           ;         ;     ;  ;           ;          
04/25/2019 23:26:06             ;   ;                       ;0.327              ;384.472           ;     ;           ;         ;     ;  ;           ;          
04/25/2019 23:26:05             ;   ;                       ;0.327              ;384.473           ;     ;           ;         ;     ;  ;           ;          
04/25/2019 23:26:04             ;   ;                       ;0.327              ;384.474           ;     ;           ;         ;     ;  ;           ;          
04/25/2019 23:26:03             ;   ;                       ;0.327              ;384.475           ;     ;           ;         ;     ;  ;           ;          
04/25/2019 23:26:02             ;   ;                       ;0.327              ;384.476           ;     ;           ;         ;     ;  ;           ;          
04/25/2019 23:26:01             ;   ;                       ;0.327              ;384.477           ;     ;           ;         ;     ;  ;           ;          
04/25/2019 23:26:00             ;   ;                       ;0.327              ;384.478           ;     ;           ;         ;     ;  ;           ;          
04/25/2019 23:25:59             ;   ;                       ;0.327              ;384.479           ;     ;           ;         ;     ;  ;           ;          
04/25/2019 23:25:58             ;   ;                       ;0.327              ;384.480           ;     ;           ;         ;     ;  ;           ;          
04/25/2019 23:25:57             ;   ;                       ;0.327              ;384.481           ;     ;           ;         ;     ;  ;           ;          
04/25/2019 23:25:56             ;   ;                       ;0.327              ;384.482           ;     ;           ;         ;     ;  ;           ;          
04/25/2019 23:25:55             ;   ;                       ;0.327              ;384.484           ;     ;           ;         ;     ;  ;           ;          
04/25/2019 23:25:54             ;   ;                       ;0.327              ;384.485           ;     ;           ;         ;     ;  ;           ;          
04/25/2019 23:25:53             ;   ;                       ;0.327              ;384.486           ;     ;           ;         ;     ;  ;           ;          
04/25/2019 23:25:52             ;   ;                       ;0.327              ;384.487           ;     ;           ;         ;     ;  ;           ;          
04/25/2019 23:25:51             ;   ;                       ;0.327              ;384.488           ;     ;           ;         ;     ;  ;           ;          
04/25/2019 23:25:50             ;   ;                       ;0.327              ;384.489           ;     ;           ;         ;     ;  ;           ;          
04/25/2019 23:25:49             ;   ;                       ;0.327              ;384.490           ;     ;           ;         ;     ;  ;           ;          
04/25/2019 23:25:48             ;   ;                       ;0.327              ;384.491           ;     ;           ;         ;     ;  ;           ;          
04/25/2019 23:25:47             ;   ;                       ;0.327              ;384.491           ;     ;           ;         ;     ;  ;           ;          
04/25/2019 23:25:46             ;   ;                       ;0.327              ;384.492           ;     ;           ;         ;     ;  ;           ;          
04/25/2019 23:25:45             ;   ;                       ;0.327              ;384.493           ;     ;           ;         ;     ;  ;           ;          
04/25/2019 23:25:44             ;   ;                       ;0.327              ;384.493           ;     ;           ;         ;     ;  ;           ;          
04/25/2019 23:25:43             ;   ;                       ;0.327              ;384.494           ;     ;           ;         ;     ;  ;           ;          
04/25/2019 23:25:42             ;   ;                       ;0.327              ;384.494           ;     ;           ;         ;     ;  ;           ;          
04/25/2019 23:25:41             ;   ;                       ;0.327              ;384.495           ;     ;           ;         ;     ;  ;           ;          
04/25/2019 23:25:40             ;   ;                       ;0.327              ;384.495           ;     ;           ;         ;     ;  ;           ;          
04/25/2019 23:25:39             ;   ;                       ;0.327              ;384.495           ;     ;           ;         ;     ;  ;           ;          
04/25/2019 23:25:38             ;   ;                       ;0.327              ;384.495           ;     ;           ;         ;     ;  ;           ;          
04/25/2019 23:25:37             ;   ;                       ;0.327              ;384.495           ;     ;           ;         ;     ;  ;           ;          
04/25/2019 23:25:36             ;   ;                       ;0.327              ;384.494           ;     ;           ;         ;     ;  ;           ;          
04/25/2019 23:25:35             ;   ;                       ;0.327              ;384.494           ;     ;           ;         ;     ;  ;           ;          
04/25/2019 23:25:34             ;   ;                       ;0.327              ;384.493           ;     ;           ;         ;     ;  ;           ;          
04/25/2019 23:25:33             ;   ;                       ;0.327              ;384.493           ;     ;           ;         ;     ;  ;           ;          
04/25/2019 23:25:32             ;   ;                       ;0.327              ;384.492           ;     ;           ;         ;     ;  ;           ;          
04/25/2019 23:25:31             ;   ;                       ;0.327              ;384.491           ;     ;           ;         ;     ;  ;           ;          
04/25/2019 23:25:30             ;   ;                       ;0.327              ;384.490           ;     ;           ;         ;     ;  ;           ;          
04/25/2019 23:25:29             ;   ;                       ;0.327              ;384.489           ;     ;           ;         ;     ;  ;           ;          
04/25/2019 23:25:28             ;   ;                       ;0.327              ;384.488           ;     ;           ;         ;     ;  ;           ;          
04/25/2019 23:25:27             ;   ;                       ;0.327              ;384.486           ;     ;           ;         ;     ;  ;           ;          
04/25/2019 23:25:26             ;   ;                       ;0.327              ;384.485           ;     ;           ;         ;     ;  ;           ;          
04/25/2019 23:25:25             ;   ;                       ;0.327              ;384.483           ;     ;           ;         ;     ;  ;           ;          
04/25/2019 23:25:24             ;   ;                       ;0.327              ;384.481           ;     ;           ;         ;     ;  ;           ;          
04/25/2019 23:25:23             ;   ;                       ;0.327              ;384.479           ;     ;           ;         ;     ;  ;           ;          
04/25/2019 23:25:22             ;   ;                       ;0.327              ;384.477           ;     ;           ;         ;     ;  ;           ;          
04/25/2019 23:25:21             ;   ;                       ;0.327              ;384.475           ;     ;           ;         ;     ;  ;           ;          
04/25/2019 23:25:20             ;   ;                       ;0.327              ;384.473           ;     ;           ;         ;     ;  ;           ;          
04/25/2019 23:25:19             ;   ;                       ;0.327              ;384.471           ;     ;           ;         ;     ;  ;           ;          
04/25/2019 23:25:18             ;   ;                       ;0.327              ;384.469           ;     ;           ;         ;     ;  ;           ;          
04/25/2019 23:25:17             ;   ;                       ;0.327              ;384.466           ;     ;           ;         ;     ;  ;           ;          
04/25/2019 23:25:16             ;   ;                       ;0.327              ;384.464           ;     ;           ;         ;     ;  ;           ;          
04/25/2019 23:25:15             ;   ;                       ;0.327              ;384.462           ;     ;           ;         ;     ;  ;           ;          
04/25/2019 23:25:14             ;   ;                       ;0.327              ;384.459           ;     ;           ;         ;     ;  ;           ;          
04/25/2019 23:25:13             ;   ;                       ;0.327              ;384.457           ;     ;           ;         ;     ;  ;           ;          
04/25/2019 23:25:12             ;   ;                       ;0.327              ;384.455           ;     ;           ;         ;     ;  ;           ;          
04/25/2019 23:25:11             ;   ;                       ;0.327              ;384.452           ;     ;           ;         ;     ;  ;           ;          
04/25/2019 23:25:10             ;   ;                       ;0.327              ;384.450           ;     ;           ;         ;     ;  ;           ;          
04/25/2019 23:25:09             ;   ;                       ;0.327              ;384.448           ;     ;           ;         ;     ;  ;           ;          
04/25/2019 23:25:08             ;   ;                       ;0.327              ;384.446           ;     ;           ;         ;     ;  ;           ;          
04/25/2019 23:25:07             ;   ;                       ;0.327              ;384.444           ;     ;           ;         ;     ;  ;           ;          
04/25/2019 23:25:06             ;   ;                       ;0.327              ;384.442           ;     ;           ;         ;     ;  ;           ;          
04/25/2019 23:25:05             ;   ;                       ;0.327              ;384.441           ;     ;           ;         ;     ;  ;           ;          
04/25/2019 23:25:04             ;   ;                       ;0.327              ;384.439           ;     ;           ;         ;     ;  ;           ;          
04/25/2019 23:25:03             ;   ;                       ;0.327              ;384.438           ;     ;           ;         ;     ;  ;           ;          
04/25/2019 23:25:02             ;   ;                       ;0.327              ;384.437           ;     ;           ;         ;     ;  ;           ;          
04/25/2019 23:25:01             ;   ;                       ;0.327              ;384.436           ;     ;           ;         ;     ;  ;           ;          
04/25/2019 23:25:00             ;   ;                       ;0.327              ;384.435           ;     ;           ;         ;     ;  ;           ;          
04/25/2019 23:24:59             ;   ;                       ;0.327              ;384.435           ;     ;           ;         ;     ;  ;           ;          
04/25/2019 23:24:58             ;   ;                       ;0.327              ;384.435           ;     ;           ;         ;     ;  ;           ;          
04/25/2019 23:24:57             ;   ;                       ;0.327              ;384.435           ;     ;           ;         ;     ;  ;           ;          
04/25/2019 23:24:56             ;   ;                       ;0.327              ;384.435           ;     ;           ;         ;     ;  ;           ;          
04/25/2019 23:24:55             ;   ;                       ;0.327              ;384.435           ;     ;           ;         ;     ;  ;           ;          
04/25/2019 23:24:54             ;   ;                       ;0.327              ;384.436           ;     ;           ;         ;     ;  ;           ;          
04/25/2019 23:24:53             ;   ;                       ;0.327              ;384.437           ;     ;           ;         ;     ;  ;           ;          
04/25/2019 23:24:52             ;   ;                       ;0.327              ;384.439           ;     ;           ;         ;     ;  ;           ;          
04/25/2019 23:24:51             ;   ;                       ;0.327              ;384.440           ;     ;           ;         ;     ;  ;           ;          
04/25/2019 23:24:50             ;   ;                       ;0.327              ;384.442           ;     ;           ;         ;     ;  ;           ;          
04/25/2019 23:24:49             ;   ;                       ;0.327              ;384.444           ;     ;           ;         ;     ;  ;           ;          
04/25/2019 23:24:48             ;   ;                       ;0.327              ;384.447           ;     ;           ;         ;     ;  ;           ;          
04/25/2019 23:24:47             ;   ;                       ;0.327              ;384.450           ;     ;           ;         ;     ;  ;           ;          
04/25/2019 23:24:46             ;   ;                       ;0.327              ;384.453           ;     ;           ;         ;     ;  ;           ;          
04/25/2019 23:24:45             ;   ;                       ;0.327              ;384.456           ;     ;           ;         ;     ;  ;           ;          
04/25/2019 23:24:44             ;   ;                       ;0.326              ;384.459           ;     ;           ;         ;     ;  ;           ;          
04/25/2019 23:24:43             ;   ;                       ;0.326              ;384.463           ;     ;           ;         ;     ;  ;           ;          
04/25/2019 23:24:42             ;   ;                       ;0.326              ;384.467           ;     ;           ;         ;     ;  ;           ;          
04/25/2019 23:24:41             ;   ;                       ;0.326              ;384.471           ;     ;           ;         ;     ;  ;           ;          
04/25/2019 23:24:40             ;   ;                       ;0.326              ;384.476           ;     ;           ;         ;     ;  ;           ;          
04/25/2019 23:24:39             ;   ;                       ;0.326              ;384.480           ;     ;           ;         ;     ;  ;           ;          
04/25/2019 23:24:38             ;   ;                       ;0.326              ;384.485           ;     ;           ;         ;     ;  ;           ;          
04/25/2019 23:24:37             ;   ;                       ;0.326              ;384.490           ;     ;           ;         ;     ;  ;           ;          
04/25/2019 23:24:36             ;   ;                       ;0.326              ;384.495           ;     ;           ;         ;     ;  ;           ;          
04/25/2019 23:24:35             ;   ;                       ;0.326              ;384.499           ;     ;           ;         ;     ;  ;           ;          
04/25/2019 23:24:34             ;   ;                       ;0.326              ;384.504           ;     ;           ;         ;     ;  ;           ;          
04/25/2019 23:24:33             ;   ;                       ;0.326              ;384.509           ;     ;           ;         ;     ;  ;           ;          
04/25/2019 23:24:32             ;   ;                       ;0.326              ;384.514           ;     ;           ;         ;     ;  ;           ;          
04/25/2019 23:24:31             ;   ;                       ;0.326              ;384.519           ;     ;           ;         ;     ;  ;           ;          
04/25/2019 23:24:30             ;   ;                       ;0.326              ;384.524           ;     ;           ;         ;     ;  ;           ;          
04/25/2019 23:24:29             ;   ;                       ;0.326              ;384.529           ;     ;           ;         ;     ;  ;           ;          
04/25/2019 23:24:28             ;   ;                       ;0.326              ;384.533           ;     ;           ;         ;     ;  ;           ;          
04/25/2019 23:24:27             ;   ;                       ;0.326              ;384.538           ;     ;           ;         ;     ;  ;           ;          
04/25/2019 23:24:26             ;   ;                       ;0.326              ;384.542           ;     ;           ;         ;     ;  ;           ;          
04/25/2019 23:24:25             ;   ;                       ;0.326              ;384.546           ;     ;           ;         ;     ;  ;           ;          
04/25/2019 23:24:24             ;   ;                       ;0.326              ;384.549           ;     ;           ;         ;     ;  ;           ;          
04/25/2019 23:24:23             ;   ;                       ;0.326              ;384.552           ;     ;           ;         ;     ;  ;           ;          
04/25/2019 23:24:22             ;   ;                       ;0.326              ;384.555           ;     ;           ;         ;     ;  ;           ;          
04/25/2019 23:24:21             ;   ;                       ;0.326              ;384.558           ;     ;           ;         ;     ;  ;           ;          
04/25/2019 23:24:20             ;   ;                       ;0.326              ;384.560           ;     ;           ;         ;     ;  ;           ;          
04/25/2019 23:24:19             ;   ;                       ;0.326              ;384.561           ;     ;           ;         ;     ;  ;           ;          
04/25/2019 23:24:18             ;   ;                       ;0.326              ;384.562           ;     ;           ;         ;     ;  ;           ;          
04/25/2019 23:24:17             ;   ;                       ;0.326              ;384.563           ;     ;           ;         ;     ;  ;           ;          
04/25/2019 23:24:16             ;   ;                       ;0.326              ;384.563           ;     ;           ;         ;     ;  ;           ;          
04/25/2019 23:24:15             ;   ;                       ;0.326              ;384.563           ;     ;           ;         ;     ;  ;           ;          
04/25/2019 23:24:14             ;   ;                       ;0.327              ;384.562           ;     ;           ;         ;     ;  ;           ;          
04/25/2019 23:24:13             ;   ;                       ;0.327              ;384.560           ;     ;           ;         ;     ;  ;           ;          
04/25/2019 23:24:12             ;   ;                       ;0.327              ;384.558           ;     ;           ;         ;     ;  ;           ;          
04/25/2019 23:24:11             ;   ;                       ;0.327              ;384.555           ;     ;           ;         ;     ;  ;           ;          
04/25/2019 23:24:10             ;   ;                       ;0.327              ;384.552           ;     ;           ;         ;     ;  ;           ;          
04/25/2019 23:24:09             ;   ;                       ;0.327              ;384.548           ;     ;           ;         ;     ;  ;           ;          
04/25/2019 23:24:08             ;   ;                       ;0.327              ;384.543           ;     ;           ;         ;     ;  ;           ;          
04/25/2019 23:24:07             ;   ;                       ;0.327              ;384.538           ;     ;           ;         ;     ;  ;           ;          
04/25/2019 23:24:06             ;   ;                       ;0.327              ;384.532           ;     ;           ;         ;     ;  ;           ;          
04/25/2019 23:24:05             ;   ;                       ;0.327              ;384.526           ;     ;           ;         ;     ;  ;           ;          
04/25/2019 23:24:04             ;   ;                       ;0.328              ;384.519           ;     ;           ;         ;     ;  ;           ;          
04/25/2019 23:24:03             ;   ;                       ;0.328              ;384.511           ;     ;           ;         ;     ;  ;           ;          
04/25/2019 23:24:02             ;   ;                       ;0.328              ;384.503           ;     ;           ;         ;     ;  ;           ;          
04/25/2019 23:24:01             ;   ;                       ;0.328              ;384.495           ;     ;           ;         ;     ;  ;           ;          
04/25/2019 23:24:00             ;   ;                       ;0.328              ;384.486           ;     ;           ;         ;     ;  ;           ;          
04/25/2019 23:23:59             ;   ;                       ;0.328              ;384.477           ;     ;           ;         ;     ;  ;           ;          
04/25/2019 23:23:58             ;   ;                       ;0.328              ;384.467           ;     ;           ;         ;     ;  ;           ;          
04/25/2019 23:23:57             ;   ;                       ;0.328              ;384.458           ;     ;           ;         ;     ;  ;           ;          
04/25/2019 23:23:56             ;   ;                       ;0.328              ;384.448           ;     ;           ;         ;     ;  ;           ;          
04/25/2019 23:23:55             ;   ;                       ;0.328              ;384.437           ;     ;           ;         ;     ;  ;           ;          
04/25/2019 23:23:54             ;   ;                       ;0.328              ;384.427           ;     ;           ;         ;     ;  ;           ;          
04/25/2019 23:23:53             ;   ;                       ;0.329              ;384.416           ;     ;           ;         ;     ;  ;           ;          
04/25/2019 23:23:52             ;   ;                       ;0.329              ;384.406           ;     ;           ;         ;     ;  ;           ;          
04/25/2019 23:23:51             ;   ;                       ;0.329              ;384.395           ;     ;           ;         ;     ;  ;           ;          
04/25/2019 23:23:50             ;   ;                       ;0.329              ;384.385           ;     ;           ;         ;     ;  ;           ;          
04/25/2019 23:23:49             ;   ;                       ;0.329              ;384.375           ;     ;           ;         ;     ;  ;           ;          
04/25/2019 23:23:48             ;   ;                       ;0.329              ;384.365           ;     ;           ;         ;     ;  ;           ;          
04/25/2019 23:23:47             ;   ;                       ;0.329              ;384.355           ;     ;           ;         ;     ;  ;           ;          
04/25/2019 23:23:46             ;   ;                       ;0.329              ;384.346           ;     ;           ;         ;     ;  ;           ;          
04/25/2019 23:23:45             ;   ;                       ;0.329              ;384.337           ;     ;           ;         ;     ;  ;           ;          
04/25/2019 23:23:44             ;   ;                       ;0.329              ;384.329           ;     ;           ;         ;     ;  ;           ;          
04/25/2019 23:23:43             ;   ;                       ;0.329              ;384.322           ;     ;           ;         ;     ;  ;           ;          
04/25/2019 23:23:42             ;   ;                       ;0.329              ;384.315           ;     ;           ;         ;     ;  ;           ;          
04/25/2019 23:23:41             ;   ;                       ;0.329              ;384.308           ;     ;           ;         ;     ;  ;           ;          
04/25/2019 23:23:40             ;   ;                       ;0.328              ;384.303           ;     ;           ;         ;     ;  ;           ;          
04/25/2019 23:23:39             ;   ;                       ;0.328              ;384.299           ;     ;           ;         ;     ;  ;           ;          
04/25/2019 23:23:38             ;   ;                       ;0.328              ;384.295           ;     ;           ;         ;     ;  ;           ;          
04/25/2019 23:23:37             ;   ;                       ;0.328              ;384.292           ;     ;           ;         ;     ;  ;           ;          
04/25/2019 23:23:36             ;   ;                       ;0.328              ;384.291           ;     ;           ;         ;     ;  ;           ;          
04/25/2019 23:23:35             ;   ;                       ;0.328              ;384.290           ;     ;           ;         ;     ;  ;           ;          
04/25/2019 23:23:34             ;   ;                       ;0.328              ;384.291           ;     ;           ;         ;     ;  ;           ;          
04/25/2019 23:23:33             ;   ;                       ;0.328              ;384.293           ;     ;           ;         ;     ;  ;           ;          
04/25/2019 23:23:32             ;   ;                       ;0.327              ;384.296           ;     ;           ;         ;     ;  ;           ;          
04/25/2019 23:23:31             ;   ;                       ;0.327              ;384.300           ;     ;           ;         ;     ;  ;           ;          
04/25/2019 23:23:30             ;   ;                       ;0.327              ;384.306           ;     ;           ;         ;     ;  ;           ;          
04/25/2019 23:23:29             ;   ;                       ;0.327              ;384.313           ;     ;           ;         ;     ;  ;           ;          
04/25/2019 23:23:28             ;   ;                       ;0.327              ;384.321           ;     ;           ;         ;     ;  ;           ;          
04/25/2019 23:23:27             ;   ;                       ;0.326              ;384.330           ;     ;           ;         ;     ;  ;           ;          
04/25/2019 23:23:26             ;   ;                       ;0.326              ;384.341           ;     ;           ;         ;     ;  ;           ;          
04/25/2019 23:23:25             ;   ;                       ;0.326              ;384.352           ;     ;           ;         ;     ;  ;           ;          
04/25/2019 23:23:24             ;   ;                       ;0.326              ;384.365           ;     ;           ;         ;     ;  ;           ;          
04/25/2019 23:23:23             ;   ;                       ;0.326              ;384.380           ;     ;           ;         ;     ;  ;           ;          
04/25/2019 23:23:22             ;   ;                       ;0.325              ;384.395           ;     ;           ;         ;     ;  ;           ;          
04/25/2019 23:23:21             ;   ;                       ;0.325              ;384.411           ;     ;           ;         ;     ;  ;           ;          
04/25/2019 23:23:20             ;   ;                       ;0.325              ;384.429           ;     ;           ;         ;     ;  ;           ;          
04/25/2019 23:23:19             ;   ;                       ;0.325              ;384.447           ;     ;           ;         ;     ;  ;           ;          
04/25/2019 23:23:18             ;   ;                       ;0.324              ;384.467           ;     ;           ;         ;     ;  ;           ;          
04/25/2019 23:23:17             ;   ;                       ;0.324              ;384.487           ;     ;           ;         ;     ;  ;           ;          
04/25/2019 23:23:16             ;   ;                       ;0.324              ;384.508           ;     ;           ;         ;     ;  ;           ;          
04/25/2019 23:23:15             ;   ;                       ;0.324              ;384.529           ;     ;           ;         ;     ;  ;           ;          
04/25/2019 23:23:14             ;   ;                       ;0.324              ;384.551           ;     ;           ;         ;     ;  ;           ;          
04/25/2019 23:23:13             ;   ;                       ;0.323              ;384.573           ;     ;           ;         ;     ;  ;           ;          
04/25/2019 23:23:12             ;   ;                       ;0.323              ;384.596           ;     ;           ;         ;     ;  ;           ;          
04/25/2019 23:23:11             ;   ;                       ;0.323              ;384.618           ;     ;           ;         ;     ;  ;           ;          
04/25/2019 23:23:10             ;   ;                       ;0.323              ;384.641           ;     ;           ;         ;     ;  ;           ;          
04/25/2019 23:23:09             ;   ;                       ;0.323              ;384.663           ;     ;           ;         ;     ;  ;           ;          
04/25/2019 23:23:08             ;   ;                       ;0.323              ;384.685           ;     ;           ;         ;     ;  ;           ;          
04/25/2019 23:23:07             ;   ;                       ;0.323              ;384.707           ;     ;           ;         ;     ;  ;           ;          
04/25/2019 23:23:06             ;   ;                       ;0.323              ;384.728           ;     ;           ;         ;     ;  ;           ;          
04/25/2019 23:23:05             ;   ;                       ;0.323              ;384.748           ;     ;           ;         ;     ;  ;           ;          
04/25/2019 23:23:04             ;   ;                       ;0.323              ;384.767           ;     ;           ;         ;     ;  ;           ;          
04/25/2019 23:23:03             ;   ;                       ;0.323              ;384.785           ;     ;           ;         ;     ;  ;           ;          
04/25/2019 23:23:02             ;   ;                       ;0.323              ;384.802           ;     ;           ;         ;     ;  ;           ;          
04/25/2019 23:23:01             ;   ;                       ;0.323              ;384.818           ;     ;           ;         ;     ;  ;           ;          
04/25/2019 23:23:00             ;   ;                       ;0.323              ;384.831           ;     ;           ;         ;     ;  ;           ;          
04/25/2019 23:22:59             ;   ;                       ;0.323              ;384.843           ;     ;           ;         ;     ;  ;           ;          
04/25/2019 23:22:58             ;   ;                       ;0.324              ;384.853           ;     ;           ;         ;     ;  ;           ;          
04/25/2019 23:22:57             ;   ;                       ;0.324              ;384.861           ;     ;           ;         ;     ;  ;           ;          
04/25/2019 23:22:56             ;   ;                       ;0.324              ;384.867           ;     ;           ;         ;     ;  ;           ;          
04/25/2019 23:22:55             ;   ;                       ;0.324              ;384.871           ;     ;           ;         ;     ;  ;           ;          
04/25/2019 23:22:54             ;   ;                       ;0.325              ;384.872           ;     ;           ;         ;     ;  ;           ;          
04/25/2019 23:22:53             ;   ;                       ;0.325              ;384.871           ;     ;           ;         ;     ;  ;           ;          
04/25/2019 23:22:52             ;   ;                       ;0.325              ;384.867           ;     ;           ;         ;     ;  ;           ;          
04/25/2019 23:22:51             ;   ;                       ;0.326              ;384.860           ;     ;           ;         ;     ;  ;           ;          
04/25/2019 23:22:50             ;   ;                       ;0.326              ;384.851           ;     ;           ;         ;     ;  ;           ;          
04/25/2019 23:22:49             ;   ;                       ;0.326              ;384.839           ;     ;           ;         ;     ;  ;           ;          
04/25/2019 23:22:48             ;   ;                       ;0.327              ;384.824           ;     ;           ;         ;     ;  ;           ;          
04/25/2019 23:22:47             ;   ;                       ;0.327              ;384.807           ;     ;           ;         ;     ;  ;           ;          
04/25/2019 23:22:46             ;   ;                       ;0.328              ;384.787           ;     ;           ;         ;     ;  ;           ;          
04/25/2019 23:22:45             ;   ;                       ;0.328              ;384.764           ;     ;           ;         ;     ;  ;           ;          
04/25/2019 23:22:44             ;   ;                       ;0.329              ;384.739           ;     ;           ;         ;     ;  ;           ;          
04/25/2019 23:22:43             ;   ;                       ;0.329              ;384.711           ;     ;           ;         ;     ;  ;           ;          
04/25/2019 23:22:42             ;   ;                       ;0.330              ;384.680           ;     ;           ;         ;     ;  ;           ;          
04/25/2019 23:22:41             ;   ;                       ;0.330              ;384.647           ;     ;           ;         ;     ;  ;           ;          
04/25/2019 23:22:40             ;   ;                       ;0.331              ;384.612           ;     ;           ;         ;     ;  ;           ;          
04/25/2019 23:22:39             ;   ;                       ;0.331              ;384.575           ;     ;           ;         ;     ;  ;           ;          
04/25/2019 23:22:38             ;   ;                       ;0.332              ;384.536           ;     ;           ;         ;     ;  ;           ;          
04/25/2019 23:22:37             ;   ;                       ;0.332              ;384.495           ;     ;           ;         ;     ;  ;           ;          
04/25/2019 23:22:36             ;   ;                       ;0.332              ;384.452           ;     ;           ;         ;     ;  ;           ;          
04/25/2019 23:22:35             ;   ;                       ;0.333              ;384.408           ;     ;           ;         ;     ;  ;           ;          
04/25/2019 23:22:34             ;   ;                       ;0.333              ;384.364           ;     ;           ;         ;     ;  ;           ;          
04/25/2019 23:22:33             ;   ;                       ;0.334              ;384.318           ;     ;           ;         ;     ;  ;           ;          
04/25/2019 23:22:32             ;   ;                       ;0.334              ;384.271           ;     ;           ;         ;     ;  ;           ;          
04/25/2019 23:22:31             ;   ;                       ;0.334              ;384.225           ;     ;           ;         ;     ;  ;           ;          
04/25/2019 23:22:30             ;   ;                       ;0.335              ;384.178           ;     ;           ;         ;     ;  ;           ;          
04/25/2019 23:22:29             ;   ;                       ;0.335              ;384.131           ;     ;           ;         ;     ;  ;           ;          
04/25/2019 23:22:28             ;   ;                       ;0.335              ;384.085           ;     ;           ;         ;     ;  ;           ;          
04/25/2019 23:22:27             ;   ;                       ;0.335              ;384.040           ;     ;           ;         ;     ;  ;           ;          
04/25/2019 23:22:26             ;   ;                       ;0.335              ;383.995           ;     ;           ;         ;     ;  ;           ;          
04/25/2019 23:22:25             ;   ;                       ;0.335              ;383.952           ;     ;           ;         ;     ;  ;           ;          
04/25/2019 23:22:24             ;   ;                       ;0.335              ;383.911           ;     ;           ;         ;     ;  ;           ;          
04/25/2019 23:22:23             ;   ;                       ;0.335              ;383.872           ;     ;           ;         ;     ;  ;           ;          
04/25/2019 23:22:22             ;   ;                       ;0.335              ;383.835           ;     ;           ;         ;     ;  ;           ;          
04/25/2019 23:22:21             ;   ;                       ;0.335              ;383.800           ;     ;           ;         ;     ;  ;           ;          
04/25/2019 23:22:20             ;   ;                       ;0.335              ;383.768           ;     ;           ;         ;     ;  ;           ;          
04/25/2019 23:22:19             ;   ;                       ;0.334              ;383.740           ;     ;           ;         ;     ;  ;           ;          
04/25/2019 23:22:18             ;   ;                       ;0.334              ;383.714           ;     ;           ;         ;     ;  ;           ;          
04/25/2019 23:22:17             ;   ;                       ;0.334              ;383.693           ;     ;           ;         ;     ;  ;           ;          
04/25/2019 23:22:16             ;   ;                       ;0.333              ;383.675           ;     ;           ;         ;     ;  ;           ;          
04/25/2019 23:22:15             ;   ;                       ;0.333              ;383.661           ;     ;           ;         ;     ;  ;           ;          
04/25/2019 23:22:14             ;   ;                       ;0.332              ;383.652           ;     ;           ;         ;     ;  ;           ;          
04/25/2019 23:22:13             ;   ;                       ;0.332              ;383.648           ;     ;           ;         ;     ;  ;           ;          
04/25/2019 23:22:12             ;   ;                       ;0.331              ;383.648           ;     ;           ;         ;     ;  ;           ;          
04/25/2019 23:22:11             ;   ;                       ;0.330              ;383.653           ;     ;           ;         ;     ;  ;           ;          
04/25/2019 23:22:10             ;   ;                       ;0.330              ;383.663           ;     ;           ;         ;     ;  ;           ;          
04/25/2019 23:22:09             ;   ;                       ;0.329              ;383.679           ;     ;           ;         ;     ;  ;           ;          
04/25/2019 23:22:08             ;   ;                       ;0.328              ;383.699           ;     ;           ;         ;     ;  ;           ;          
04/25/2019 23:22:07             ;   ;                       ;0.327              ;383.726           ;     ;           ;         ;     ;  ;           ;          
04/25/2019 23:22:06             ;   ;                       ;0.326              ;383.758           ;     ;           ;         ;     ;  ;           ;          
04/25/2019 23:22:05             ;   ;                       ;0.325              ;383.795           ;     ;           ;         ;     ;  ;           ;          
04/25/2019 23:22:04             ;   ;                       ;0.324              ;383.839           ;     ;           ;         ;     ;  ;           ;          
04/25/2019 23:22:03             ;   ;                       ;0.323              ;383.888           ;     ;           ;         ;     ;  ;           ;          
04/25/2019 23:22:02             ;   ;                       ;0.322              ;383.942           ;     ;           ;         ;     ;  ;           ;          
04/25/2019 23:22:01             ;   ;                       ;0.321              ;384.002           ;     ;           ;         ;     ;  ;           ;          
04/25/2019 23:22:00             ;   ;                       ;0.320              ;384.067           ;     ;           ;         ;     ;  ;           ;          
04/25/2019 23:21:59             ;   ;                       ;0.319              ;384.138           ;     ;           ;         ;     ;  ;           ;          
04/25/2019 23:21:58             ;   ;                       ;0.318              ;384.213           ;     ;           ;         ;     ;  ;           ;          
04/25/2019 23:21:57             ;   ;                       ;0.317              ;384.294           ;     ;           ;         ;     ;  ;           ;          
04/25/2019 23:21:56             ;   ;                       ;0.316              ;384.378           ;     ;           ;         ;     ;  ;           ;          
04/25/2019 23:21:55             ;   ;                       ;0.315              ;384.467           ;     ;           ;         ;     ;  ;           ;          
04/25/2019 23:21:54             ;   ;                       ;0.314              ;384.560           ;     ;           ;         ;     ;  ;           ;          
04/25/2019 23:21:53             ;   ;                       ;0.314              ;384.657           ;     ;           ;         ;     ;  ;           ;          
04/25/2019 23:21:52             ;   ;                       ;0.313              ;384.756           ;     ;           ;         ;     ;  ;           ;          
04/25/2019 23:21:51             ;   ;                       ;0.312              ;384.857           ;     ;           ;         ;     ;  ;           ;          
04/25/2019 23:21:50             ;   ;                       ;0.311              ;384.961           ;     ;           ;         ;     ;  ;           ;          
04/25/2019 23:21:49             ;   ;                       ;0.311              ;385.066           ;     ;           ;         ;     ;  ;           ;          
04/25/2019 23:21:48             ;   ;                       ;0.310              ;385.171           ;     ;           ;         ;     ;  ;           ;          
04/25/2019 23:21:47             ;   ;                       ;0.310              ;385.276           ;     ;           ;         ;     ;  ;           ;          
04/25/2019 23:21:46             ;   ;                       ;0.309              ;385.381           ;     ;           ;         ;     ;  ;           ;          
04/25/2019 23:21:45             ;   ;                       ;0.309              ;385.484           ;     ;           ;         ;     ;  ;           ;          
04/25/2019 23:21:44             ;   ;                       ;0.309              ;385.584           ;     ;           ;         ;     ;  ;           ;          
04/25/2019 23:21:43             ;   ;                       ;0.309              ;385.682           ;     ;           ;         ;     ;  ;           ;          
04/25/2019 23:21:42             ;   ;                       ;0.309              ;385.775           ;     ;           ;         ;     ;  ;           ;          
04/25/2019 23:21:41             ;   ;                       ;0.309              ;385.863           ;     ;           ;         ;     ;  ;           ;          
04/25/2019 23:21:40             ;   ;                       ;0.309              ;385.946           ;     ;           ;         ;     ;  ;           ;          
04/25/2019 23:21:39             ;   ;                       ;0.310              ;386.022           ;     ;           ;         ;     ;  ;           ;          
04/25/2019 23:21:38             ;   ;                       ;0.310              ;386.090           ;     ;           ;         ;     ;  ;           ;          
04/25/2019 23:21:37             ;   ;                       ;0.311              ;386.150           ;     ;           ;         ;     ;  ;           ;          
04/25/2019 23:21:36             ;   ;                       ;0.312              ;386.201           ;     ;           ;         ;     ;  ;           ;          
04/25/2019 23:21:35             ;   ;                       ;0.313              ;386.242           ;     ;           ;         ;     ;  ;           ;          
04/25/2019 23:21:34             ;   ;                       ;0.314              ;386.273           ;     ;           ;         ;     ;  ;           ;          
04/25/2019 23:21:33             ;   ;                       ;0.315              ;386.292           ;     ;           ;         ;     ;  ;           ;          
04/25/2019 23:21:32             ;   ;                       ;0.316              ;386.300           ;     ;           ;         ;     ;  ;           ;          
04/25/2019 23:21:31             ;   ;                       ;0.318              ;386.295           ;     ;           ;         ;     ;  ;           ;          
04/25/2019 23:21:30             ;   ;                       ;0.319              ;386.277           ;     ;           ;         ;     ;  ;           ;          
04/25/2019 23:21:29             ;   ;                       ;0.321              ;386.247           ;     ;           ;         ;     ;  ;           ;          
04/25/2019 23:21:28             ;   ;                       ;0.323              ;386.203           ;     ;           ;         ;     ;  ;           ;          
04/25/2019 23:21:27             ;   ;                       ;0.325              ;386.146           ;     ;           ;         ;     ;  ;           ;          
04/25/2019 23:21:26             ;   ;                       ;0.327              ;386.076           ;     ;           ;         ;     ;  ;           ;          
04/25/2019 23:21:25             ;   ;                       ;0.329              ;385.993           ;     ;           ;         ;     ;  ;           ;          
04/25/2019 23:21:24             ;   ;                       ;0.331              ;385.896           ;     ;           ;         ;     ;  ;           ;          
04/25/2019 23:21:23             ;   ;                       ;0.333              ;385.788           ;     ;           ;         ;     ;  ;           ;          
04/25/2019 23:21:22             ;   ;                       ;0.335              ;385.668           ;     ;           ;         ;     ;  ;           ;          
04/25/2019 23:21:21             ;   ;                       ;0.337              ;385.536           ;     ;           ;         ;     ;  ;           ;          
04/25/2019 23:21:20             ;   ;                       ;0.340              ;385.393           ;     ;           ;         ;     ;  ;           ;          
04/25/2019 23:21:19             ;   ;                       ;0.342              ;385.241           ;     ;           ;         ;     ;  ;           ;          
04/25/2019 23:21:18             ;   ;                       ;0.344              ;385.079           ;     ;           ;         ;     ;  ;           ;          
04/25/2019 23:21:17             ;   ;                       ;0.346              ;384.909           ;     ;           ;         ;     ;  ;           ;          
04/25/2019 23:21:16             ;   ;                       ;0.348              ;384.731           ;     ;           ;         ;     ;  ;           ;          
04/25/2019 23:21:15             ;   ;                       ;0.350              ;384.547           ;     ;           ;         ;     ;  ;           ;          
04/25/2019 23:21:14             ;   ;                       ;0.352              ;384.358           ;     ;           ;         ;     ;  ;           ;          
04/25/2019 23:21:13             ;   ;                       ;0.354              ;384.164           ;     ;           ;         ;     ;  ;           ;          
04/25/2019 23:21:12             ;   ;                       ;0.356              ;383.968           ;     ;           ;         ;     ;  ;           ;          
04/25/2019 23:21:11             ;   ;                       ;0.357              ;383.768           ;     ;           ;         ;     ;  ;           ;          
04/25/2019 23:21:10             ;   ;                       ;0.358              ;383.568           ;     ;           ;         ;     ;  ;           ;          
04/25/2019 23:21:09             ;   ;                       ;0.360              ;383.368           ;     ;           ;         ;     ;  ;           ;          
04/25/2019 23:21:08             ;   ;                       ;0.361              ;383.168           ;     ;           ;         ;     ;  ;           ;          
04/25/2019 23:21:07             ;   ;                       ;0.362              ;382.971           ;     ;           ;         ;     ;  ;           ;          
04/25/2019 23:21:06             ;   ;                       ;0.363              ;382.776           ;     ;           ;         ;     ;  ;           ;          
04/25/2019 23:21:05             ;   ;                       ;0.363              ;382.586           ;     ;           ;         ;     ;  ;           ;          
04/25/2019 23:21:04             ;   ;                       ;0.363              ;382.401           ;     ;           ;         ;     ;  ;           ;          
04/25/2019 23:21:03             ;   ;                       ;0.364              ;382.221           ;     ;           ;         ;     ;  ;           ;          
04/25/2019 23:21:02             ;   ;                       ;0.364              ;382.049           ;     ;           ;         ;     ;  ;           ;          
04/25/2019 23:21:01             ;   ;                       ;0.363              ;381.884           ;     ;           ;         ;     ;  ;           ;          
04/25/2019 23:21:00             ;   ;                       ;0.363              ;381.728           ;     ;           ;         ;     ;  ;           ;          
04/25/2019 23:20:59             ;   ;                       ;0.362              ;381.582           ;     ;           ;         ;     ;  ;           ;          
04/25/2019 23:20:58             ;   ;                       ;0.361              ;381.447           ;     ;           ;         ;     ;  ;           ;          
04/25/2019 23:20:57             ;   ;                       ;0.360              ;381.323           ;     ;           ;         ;     ;  ;           ;          
04/25/2019 23:20:56             ;   ;                       ;0.359              ;381.211           ;     ;           ;         ;     ;  ;           ;          
04/25/2019 23:20:55             ;   ;                       ;0.357              ;381.112           ;     ;           ;         ;     ;  ;           ;          
04/25/2019 23:20:54             ;   ;                       ;0.356              ;381.027           ;     ;           ;         ;     ;  ;           ;          
04/25/2019 23:20:53             ;   ;                       ;0.354              ;380.957           ;     ;           ;         ;     ;  ;           ;          
04/25/2019 23:20:52             ;   ;                       ;0.351              ;380.903           ;     ;           ;         ;     ;  ;           ;          
04/25/2019 23:20:51             ;   ;                       ;0.349              ;380.865           ;     ;           ;         ;     ;  ;           ;          
04/25/2019 23:20:50             ;   ;                       ;0.346              ;380.844           ;     ;           ;         ;     ;  ;           ;          
04/25/2019 23:20:49             ;   ;                       ;0.344              ;380.841           ;     ;           ;         ;     ;  ;           ;          
04/25/2019 23:20:48             ;   ;                       ;0.341              ;380.857           ;     ;           ;         ;     ;  ;           ;          
04/25/2019 23:20:47             ;   ;                       ;0.337              ;380.892           ;     ;           ;         ;     ;  ;           ;          
04/25/2019 23:20:46             ;   ;                       ;0.334              ;380.948           ;     ;           ;         ;     ;  ;           ;          
04/25/2019 23:20:45             ;   ;                       ;0.331              ;381.024           ;     ;           ;         ;     ;  ;           ;          
04/25/2019 23:20:44             ;   ;                       ;0.327              ;381.123           ;     ;           ;         ;     ;  ;           ;          
04/25/2019 23:20:43             ;   ;                       ;0.323              ;381.244           ;     ;           ;         ;     ;  ;           ;          
04/25/2019 23:20:42             ;   ;                       ;0.319              ;381.389           ;     ;           ;         ;     ;  ;           ;          
04/25/2019 23:20:41             ;   ;                       ;0.315              ;381.557           ;     ;           ;         ;     ;  ;           ;          
04/25/2019 23:20:40             ;   ;                       ;0.311              ;381.750           ;     ;           ;         ;     ;  ;           ;          
04/25/2019 23:20:39             ;   ;                       ;0.306              ;381.969           ;     ;           ;         ;     ;  ;           ;          
04/25/2019 23:20:38             ;   ;                       ;0.302              ;382.213           ;     ;           ;         ;     ;  ;           ;          
04/25/2019 23:20:37             ;   ;                       ;0.298              ;382.483           ;     ;           ;         ;     ;  ;           ;          
04/25/2019 23:20:36             ;   ;                       ;0.293              ;382.780           ;     ;           ;         ;     ;  ;           ;          
04/25/2019 23:20:35             ;   ;                       ;0.289              ;383.104           ;     ;           ;         ;     ;  ;           ;          
04/25/2019 23:20:34             ;   ;                       ;0.284              ;383.456           ;     ;           ;         ;     ;  ;           ;          
04/25/2019 23:20:33             ;   ;                       ;0.280              ;383.834           ;     ;           ;         ;     ;  ;           ;          
04/25/2019 23:20:32             ;   ;                       ;0.275              ;384.239           ;     ;           ;         ;     ;  ;           ;          
04/25/2019 23:20:31             ;   ;                       ;0.271              ;384.670           ;     ;           ;         ;     ;  ;           ;          
04/25/2019 23:20:30             ;   ;                       ;0.267              ;385.127           ;     ;           ;         ;     ;  ;           ;          
04/25/2019 23:20:29             ;   ;                       ;0.262              ;385.608           ;     ;           ;         ;     ;  ;           ;          
04/25/2019 23:20:28             ;   ;                       ;0.258              ;386.112           ;     ;           ;         ;     ;  ;           ;          
04/25/2019 23:20:27             ;   ;                       ;0.255              ;386.638           ;     ;           ;         ;     ;  ;           ;          
04/25/2019 23:20:26             ;   ;                       ;0.251              ;387.182           ;     ;           ;         ;     ;  ;           ;          
04/25/2019 23:20:25             ;   ;                       ;0.248              ;387.742           ;     ;           ;         ;     ;  ;           ;          
04/25/2019 23:20:24             ;   ;                       ;0.245              ;388.314           ;     ;           ;         ;     ;  ;           ;          
04/25/2019 23:20:23             ;   ;                       ;0.243              ;388.895           ;     ;           ;         ;     ;  ;           ;          
04/25/2019 23:20:22             ;   ;                       ;0.241              ;389.478           ;     ;           ;         ;     ;  ;           ;          
04/25/2019 23:20:21             ;   ;                       ;0.239              ;390.059           ;     ;           ;         ;     ;  ;           ;          
04/25/2019 23:20:20             ;   ;                       ;0.238              ;390.631           ;     ;           ;         ;     ;  ;           ;          
04/25/2019 23:20:19             ;   ;                       ;0.238              ;391.186           ;     ;           ;         ;     ;  ;           ;          
04/25/2019 23:20:18             ;   ;                       ;0.238              ;391.716           ;     ;           ;         ;     ;  ;           ;          
04/25/2019 23:20:17             ;   ;                       ;0.239              ;392.212           ;     ;           ;         ;     ;  ;           ;          
04/25/2019 23:20:16             ;   ;                       ;0.241              ;392.664           ;     ;           ;         ;     ;  ;           ;          
04/25/2019 23:20:15             ;   ;                       ;0.244              ;393.064           ;     ;           ;         ;     ;  ;           ;          
04/25/2019 23:20:14             ;   ;                       ;0.248              ;393.400           ;     ;           ;         ;     ;  ;           ;          
04/25/2019 23:20:13             ;   ;                       ;0.252              ;393.663           ;     ;           ;         ;     ;  ;           ;          
04/25/2019 23:20:12             ;   ;                       ;0.258              ;393.846           ;     ;           ;         ;     ;  ;           ;          
04/25/2019 23:20:11             ;   ;                       ;0.265              ;393.939           ;     ;           ;         ;     ;  ;           ;          
04/25/2019 23:20:10             ;   ;                       ;0.265              ;393.938           ;     ;           ;         ;     ;  ;           ;          
04/25/2019 23:20:09             ;   ;                       ;0.265              ;393.937           ;     ;           ;         ;     ;  ;           ;          
04/25/2019 23:20:08             ;   ;                       ;0.265              ;393.936           ;     ;           ;         ;     ;  ;           ;          
04/25/2019 23:20:07             ;   ;                       ;0.265              ;393.935           ;     ;           ;         ;     ;  ;           ;          
04/25/2019 23:20:06             ;   ;                       ;0.265              ;393.934           ;     ;           ;         ;     ;  ;           ;          
04/25/2019 23:20:05             ;   ;                       ;0.265              ;393.934           ;     ;           ;         ;     ;  ;           ;          
04/25/2019 23:20:04             ;   ;                       ;0.265              ;393.933           ;     ;           ;         ;     ;  ;           ;          
04/25/2019 23:20:03             ;   ;                       ;0.265              ;393.933           ;     ;           ;         ;     ;  ;           ;          
04/25/2019 23:20:02             ;   ;                       ;0.265              ;393.933           ;     ;           ;         ;     ;  ;           ;          
04/25/2019 23:20:01             ;   ;                       ;0.265              ;393.933           ;     ;           ;         ;     ;  ;           ;          
04/25/2019 23:20:00             ;   ;                       ;0.265              ;393.933           ;     ;           ;         ;     ;  ;           ;          
04/25/2019 23:19:59             ;   ;                       ;0.265              ;393.934           ;     ;           ;         ;     ;  ;           ;          
04/25/2019 23:19:58             ;   ;                       ;0.265              ;393.935           ;     ;           ;         ;     ;  ;           ;          
04/25/2019 23:19:57             ;   ;                       ;0.265              ;393.936           ;     ;           ;         ;     ;  ;           ;          
04/25/2019 23:19:56             ;   ;                       ;0.265              ;393.937           ;     ;           ;         ;     ;  ;           ;          
04/25/2019 23:19:55             ;   ;                       ;0.265              ;393.938           ;     ;           ;         ;     ;  ;           ;          
04/25/2019 23:19:54             ;   ;                       ;0.265              ;393.940           ;     ;           ;         ;     ;  ;           ;          
04/25/2019 23:19:53             ;   ;                       ;0.264              ;393.942           ;     ;           ;         ;     ;  ;           ;          
04/25/2019 23:19:52             ;   ;                       ;0.264              ;393.944           ;     ;           ;         ;     ;  ;           ;          
04/25/2019 23:19:51             ;   ;                       ;0.264              ;393.946           ;     ;           ;         ;     ;  ;           ;          
04/25/2019 23:19:50             ;   ;                       ;0.264              ;393.948           ;     ;           ;         ;     ;  ;           ;          
04/25/2019 23:19:49             ;   ;                       ;0.264              ;393.951           ;     ;           ;         ;     ;  ;           ;          
04/25/2019 23:19:48             ;   ;                       ;0.264              ;393.954           ;     ;           ;         ;     ;  ;           ;          
04/25/2019 23:19:47             ;   ;                       ;0.264              ;393.956           ;     ;           ;         ;     ;  ;           ;          
04/25/2019 23:19:46             ;   ;                       ;0.264              ;393.959           ;     ;           ;         ;     ;  ;           ;          
04/25/2019 23:19:45             ;   ;                       ;0.264              ;393.962           ;     ;           ;         ;     ;  ;           ;          
04/25/2019 23:19:44             ;   ;                       ;0.264              ;393.965           ;     ;           ;         ;     ;  ;           ;          
04/25/2019 23:19:43             ;   ;                       ;0.264              ;393.968           ;     ;           ;         ;     ;  ;           ;          
04/25/2019 23:19:42             ;   ;                       ;0.264              ;393.970           ;     ;           ;         ;     ;  ;           ;          
04/25/2019 23:19:41             ;   ;                       ;0.264              ;393.973           ;     ;           ;         ;     ;  ;           ;          
04/25/2019 23:19:40             ;   ;                       ;0.264              ;393.976           ;     ;           ;         ;     ;  ;           ;          
04/25/2019 23:19:39             ;   ;                       ;0.264              ;393.978           ;     ;           ;         ;     ;  ;           ;          
04/25/2019 23:19:38             ;   ;                       ;0.264              ;393.981           ;     ;           ;         ;     ;  ;           ;          
04/25/2019 23:19:37             ;   ;                       ;0.264              ;393.983           ;     ;           ;         ;     ;  ;           ;          
04/25/2019 23:19:36             ;   ;                       ;0.264              ;393.985           ;     ;           ;         ;     ;  ;           ;          
04/25/2019 23:19:35             ;   ;                       ;0.264              ;393.986           ;     ;           ;         ;     ;  ;           ;          
04/25/2019 23:19:34             ;   ;                       ;0.264              ;393.988           ;     ;           ;         ;     ;  ;           ;          
04/25/2019 23:19:33             ;   ;                       ;0.264              ;393.989           ;     ;           ;         ;     ;  ;           ;          
04/25/2019 23:19:32             ;   ;                       ;0.264              ;393.990           ;     ;           ;         ;     ;  ;           ;          
04/25/2019 23:19:31             ;   ;                       ;0.264              ;393.990           ;     ;           ;         ;     ;  ;           ;          
04/25/2019 23:19:30             ;   ;                       ;0.264              ;393.990           ;     ;           ;         ;     ;  ;           ;          
04/25/2019 23:19:29             ;   ;                       ;0.264              ;393.990           ;     ;           ;         ;     ;  ;           ;          
04/25/2019 23:19:28             ;   ;                       ;0.264              ;393.989           ;     ;           ;         ;     ;  ;           ;          
04/25/2019 23:19:27             ;   ;                       ;0.264              ;393.988           ;     ;           ;         ;     ;  ;           ;          
04/25/2019 23:19:26             ;   ;                       ;0.264              ;393.986           ;     ;           ;         ;     ;  ;           ;          
04/25/2019 23:19:25             ;   ;                       ;0.265              ;393.984           ;     ;           ;         ;     ;  ;           ;          
04/25/2019 23:19:24             ;   ;                       ;0.265              ;393.982           ;     ;           ;         ;     ;  ;           ;          
04/25/2019 23:19:23             ;   ;                       ;0.265              ;393.979           ;     ;           ;         ;     ;  ;           ;          
04/25/2019 23:19:22             ;   ;                       ;0.265              ;393.975           ;     ;           ;         ;     ;  ;           ;          
04/25/2019 23:19:21             ;   ;                       ;0.265              ;393.972           ;     ;           ;         ;     ;  ;           ;          
04/25/2019 23:19:20             ;   ;                       ;0.265              ;393.968           ;     ;           ;         ;     ;  ;           ;          
04/25/2019 23:19:19             ;   ;                       ;0.265              ;393.963           ;     ;           ;         ;     ;  ;           ;          
04/25/2019 23:19:18             ;   ;                       ;0.265              ;393.959           ;     ;           ;         ;     ;  ;           ;          
04/25/2019 23:19:17             ;   ;                       ;0.265              ;393.954           ;     ;           ;         ;     ;  ;           ;          
04/25/2019 23:19:16             ;   ;                       ;0.265              ;393.949           ;     ;           ;         ;     ;  ;           ;          
04/25/2019 23:19:15             ;   ;                       ;0.265              ;393.943           ;     ;           ;         ;     ;  ;           ;          
04/25/2019 23:19:14             ;   ;                       ;0.265              ;393.938           ;     ;           ;         ;     ;  ;           ;          
04/25/2019 23:19:13             ;   ;                       ;0.265              ;393.932           ;     ;           ;         ;     ;  ;           ;          
04/25/2019 23:19:12             ;   ;                       ;0.265              ;393.926           ;     ;           ;         ;     ;  ;           ;          
04/25/2019 23:19:11             ;   ;                       ;0.265              ;393.921           ;     ;           ;         ;     ;  ;           ;          
04/25/2019 23:19:10             ;   ;                       ;0.265              ;393.915           ;     ;           ;         ;     ;  ;           ;          
04/25/2019 23:19:09             ;   ;                       ;0.265              ;393.910           ;     ;           ;         ;     ;  ;           ;          
04/25/2019 23:19:08             ;   ;                       ;0.265              ;393.905           ;     ;           ;         ;     ;  ;           ;          
04/25/2019 23:19:07             ;   ;                       ;0.265              ;393.900           ;     ;           ;         ;     ;  ;           ;          
04/25/2019 23:19:06             ;   ;                       ;0.265              ;393.895           ;     ;           ;         ;     ;  ;           ;          
04/25/2019 23:19:05             ;   ;                       ;0.265              ;393.891           ;     ;           ;         ;     ;  ;           ;          
04/25/2019 23:19:04             ;   ;                       ;0.265              ;393.887           ;     ;           ;         ;     ;  ;           ;          
04/25/2019 23:19:03             ;   ;                       ;0.265              ;393.884           ;     ;           ;         ;     ;  ;           ;          
04/25/2019 23:19:02             ;   ;                       ;0.265              ;393.881           ;     ;           ;         ;     ;  ;           ;          
04/25/2019 23:19:01             ;   ;                       ;0.265              ;393.879           ;     ;           ;         ;     ;  ;           ;          
04/25/2019 23:19:00             ;   ;                       ;0.265              ;393.878           ;     ;           ;         ;     ;  ;           ;          
04/25/2019 23:18:59             ;   ;                       ;0.265              ;393.877           ;     ;           ;         ;     ;  ;           ;          
04/25/2019 23:18:58             ;   ;                       ;0.265              ;393.877           ;     ;           ;         ;     ;  ;           ;          
04/25/2019 23:18:57             ;   ;                       ;0.265              ;393.878           ;     ;           ;         ;     ;  ;           ;          
04/25/2019 23:18:56             ;   ;                       ;0.265              ;393.879           ;     ;           ;         ;     ;  ;           ;          
04/25/2019 23:18:55             ;   ;                       ;0.265              ;393.882           ;     ;           ;         ;     ;  ;           ;          
04/25/2019 23:18:54             ;   ;                       ;0.265              ;393.885           ;     ;           ;         ;     ;  ;           ;          
04/25/2019 23:18:53             ;   ;                       ;0.265              ;393.889           ;     ;           ;         ;     ;  ;           ;          
04/25/2019 23:18:52             ;   ;                       ;0.265              ;393.894           ;     ;           ;         ;     ;  ;           ;          
04/25/2019 23:18:51             ;   ;                       ;0.264              ;393.900           ;     ;           ;         ;     ;  ;           ;          
04/25/2019 23:18:50             ;   ;                       ;0.264              ;393.906           ;     ;           ;         ;     ;  ;           ;          
04/25/2019 23:18:49             ;   ;                       ;0.264              ;393.914           ;     ;           ;         ;     ;  ;           ;          
04/25/2019 23:18:48             ;   ;                       ;0.264              ;393.922           ;     ;           ;         ;     ;  ;           ;          
04/25/2019 23:18:47             ;   ;                       ;0.264              ;393.931           ;     ;           ;         ;     ;  ;           ;          
04/25/2019 23:18:46             ;   ;                       ;0.264              ;393.940           ;     ;           ;         ;     ;  ;           ;          
04/25/2019 23:18:45             ;   ;                       ;0.264              ;393.950           ;     ;           ;         ;     ;  ;           ;          
04/25/2019 23:18:44             ;   ;                       ;0.264              ;393.960           ;     ;           ;         ;     ;  ;           ;          
04/25/2019 23:18:43             ;   ;                       ;0.264              ;393.971           ;     ;           ;         ;     ;  ;           ;          
04/25/2019 23:18:42             ;   ;                       ;0.264              ;393.982           ;     ;           ;         ;     ;  ;           ;          
04/25/2019 23:18:41             ;   ;                       ;0.263              ;393.993           ;     ;           ;         ;     ;  ;           ;          
04/25/2019 23:18:40             ;   ;                       ;0.263              ;394.004           ;     ;           ;         ;     ;  ;           ;          
04/25/2019 23:18:39             ;   ;                       ;0.263              ;394.015           ;     ;           ;         ;     ;  ;           ;          
04/25/2019 23:18:38             ;   ;                       ;0.263              ;394.026           ;     ;           ;         ;     ;  ;           ;          
04/25/2019 23:18:37             ;   ;                       ;0.263              ;394.037           ;     ;           ;         ;     ;  ;           ;          
04/25/2019 23:18:36             ;   ;                       ;0.263              ;394.047           ;     ;           ;         ;     ;  ;           ;          
04/25/2019 23:18:35             ;   ;                       ;0.263              ;394.057           ;     ;           ;         ;     ;  ;           ;          
04/25/2019 23:18:34             ;   ;                       ;0.263              ;394.066           ;     ;           ;         ;     ;  ;           ;          
04/25/2019 23:18:33             ;   ;                       ;0.263              ;394.075           ;     ;           ;         ;     ;  ;           ;          
04/25/2019 23:18:32             ;   ;                       ;0.263              ;394.082           ;     ;           ;         ;     ;  ;           ;          
04/25/2019 23:18:31             ;   ;                       ;0.263              ;394.089           ;     ;           ;         ;     ;  ;           ;          
04/25/2019 23:18:30             ;   ;                       ;0.263              ;394.094           ;     ;           ;         ;     ;  ;           ;          
04/25/2019 23:18:29             ;   ;                       ;0.263              ;394.098           ;     ;           ;         ;     ;  ;           ;          
04/25/2019 23:18:28             ;   ;                       ;0.263              ;394.100           ;     ;           ;         ;     ;  ;           ;          
04/25/2019 23:18:27             ;   ;                       ;0.264              ;394.102           ;     ;           ;         ;     ;  ;           ;          
04/25/2019 23:18:26             ;   ;                       ;0.264              ;394.101           ;     ;           ;         ;     ;  ;           ;          
04/25/2019 23:18:25             ;   ;                       ;0.264              ;394.100           ;     ;           ;         ;     ;  ;           ;          
04/25/2019 23:18:24             ;   ;                       ;0.264              ;394.096           ;     ;           ;         ;     ;  ;           ;          
04/25/2019 23:18:23             ;   ;                       ;0.264              ;394.091           ;     ;           ;         ;     ;  ;           ;          
04/25/2019 23:18:22             ;   ;                       ;0.264              ;394.084           ;     ;           ;         ;     ;  ;           ;          
04/25/2019 23:18:21             ;   ;                       ;0.265              ;394.076           ;     ;           ;         ;     ;  ;           ;          
04/25/2019 23:18:20             ;   ;                       ;0.265              ;394.065           ;     ;           ;         ;     ;  ;           ;          
04/25/2019 23:18:19             ;   ;                       ;0.265              ;394.054           ;     ;           ;         ;     ;  ;           ;          
04/25/2019 23:18:18             ;   ;                       ;0.265              ;394.040           ;     ;           ;         ;     ;  ;           ;          
04/25/2019 23:18:17             ;   ;                       ;0.265              ;394.025           ;     ;           ;         ;     ;  ;           ;          
04/25/2019 23:18:16             ;   ;                       ;0.266              ;394.009           ;     ;           ;         ;     ;  ;           ;          
04/25/2019 23:18:15             ;   ;                       ;0.266              ;393.992           ;     ;           ;         ;     ;  ;           ;          
04/25/2019 23:18:14             ;   ;                       ;0.266              ;393.973           ;     ;           ;         ;     ;  ;           ;          
04/25/2019 23:18:13             ;   ;                       ;0.266              ;393.953           ;     ;           ;         ;     ;  ;           ;          
04/25/2019 23:18:12             ;   ;                       ;0.266              ;393.933           ;     ;           ;         ;     ;  ;           ;          
04/25/2019 23:18:11             ;   ;                       ;0.267              ;393.911           ;     ;           ;         ;     ;  ;           ;          
04/25/2019 23:18:10             ;   ;                       ;0.267              ;393.890           ;     ;           ;         ;     ;  ;           ;          
04/25/2019 23:18:09             ;   ;                       ;0.267              ;393.867           ;     ;           ;         ;     ;  ;           ;          
04/25/2019 23:18:08             ;   ;                       ;0.267              ;393.845           ;     ;           ;         ;     ;  ;           ;          
04/25/2019 23:18:07             ;   ;                       ;0.267              ;393.823           ;     ;           ;         ;     ;  ;           ;          
04/25/2019 23:18:06             ;   ;                       ;0.267              ;393.802           ;     ;           ;         ;     ;  ;           ;          
04/25/2019 23:18:05             ;   ;                       ;0.267              ;393.781           ;     ;           ;         ;     ;  ;           ;          
04/25/2019 23:18:04             ;   ;                       ;0.267              ;393.761           ;     ;           ;         ;     ;  ;           ;          
04/25/2019 23:18:03             ;   ;                       ;0.267              ;393.742           ;     ;           ;         ;     ;  ;           ;          
04/25/2019 23:18:02             ;   ;                       ;0.267              ;393.724           ;     ;           ;         ;     ;  ;           ;          
04/25/2019 23:18:01             ;   ;                       ;0.267              ;393.708           ;     ;           ;         ;     ;  ;           ;          
04/25/2019 23:18:00             ;   ;                       ;0.267              ;393.694           ;     ;           ;         ;     ;  ;           ;          
04/25/2019 23:17:59             ;   ;                       ;0.267              ;393.682           ;     ;           ;         ;     ;  ;           ;          
04/25/2019 23:17:58             ;   ;                       ;0.267              ;393.672           ;     ;           ;         ;     ;  ;           ;          
04/25/2019 23:17:57             ;   ;                       ;0.267              ;393.665           ;     ;           ;         ;     ;  ;           ;          
04/25/2019 23:17:56             ;   ;                       ;0.267              ;393.660           ;     ;           ;         ;     ;  ;           ;          
04/25/2019 23:17:55             ;   ;                       ;0.266              ;393.658           ;     ;           ;         ;     ;  ;           ;          
04/25/2019 23:17:54             ;   ;                       ;0.266              ;393.659           ;     ;           ;         ;     ;  ;           ;          
04/25/2019 23:17:53             ;   ;                       ;0.266              ;393.663           ;     ;           ;         ;     ;  ;           ;          
04/25/2019 23:17:52             ;   ;                       ;0.266              ;393.670           ;     ;           ;         ;     ;  ;           ;          
04/25/2019 23:17:51             ;   ;                       ;0.265              ;393.680           ;     ;           ;         ;     ;  ;           ;          
04/25/2019 23:17:50             ;   ;                       ;0.265              ;393.693           ;     ;           ;         ;     ;  ;           ;          
04/25/2019 23:17:49             ;   ;                       ;0.265              ;393.710           ;     ;           ;         ;     ;  ;           ;          
04/25/2019 23:17:48             ;   ;                       ;0.264              ;393.730           ;     ;           ;         ;     ;  ;           ;          
04/25/2019 23:17:47             ;   ;                       ;0.264              ;393.753           ;     ;           ;         ;     ;  ;           ;          
04/25/2019 23:17:46             ;   ;                       ;0.263              ;393.779           ;     ;           ;         ;     ;  ;           ;          
04/25/2019 23:17:45             ;   ;                       ;0.263              ;393.808           ;     ;           ;         ;     ;  ;           ;          
04/25/2019 23:17:44             ;   ;                       ;0.263              ;393.840           ;     ;           ;         ;     ;  ;           ;          
04/25/2019 23:17:43             ;   ;                       ;0.262              ;393.875           ;     ;           ;         ;     ;  ;           ;          
04/25/2019 23:17:42             ;   ;                       ;0.262              ;393.912           ;     ;           ;         ;     ;  ;           ;          
04/25/2019 23:17:41             ;   ;                       ;0.261              ;393.951           ;     ;           ;         ;     ;  ;           ;          
04/25/2019 23:17:40             ;   ;                       ;0.261              ;393.992           ;     ;           ;         ;     ;  ;           ;          
04/25/2019 23:17:39             ;   ;                       ;0.261              ;394.034           ;     ;           ;         ;     ;  ;           ;          
04/25/2019 23:17:38             ;   ;                       ;0.260              ;394.077           ;     ;           ;         ;     ;  ;           ;          
04/25/2019 23:17:37             ;   ;                       ;0.260              ;394.121           ;     ;           ;         ;     ;  ;           ;          
04/25/2019 23:17:36             ;   ;                       ;0.260              ;394.166           ;     ;           ;         ;     ;  ;           ;          
04/25/2019 23:17:35             ;   ;                       ;0.260              ;394.210           ;     ;           ;         ;     ;  ;           ;          
04/25/2019 23:17:34             ;   ;                       ;0.259              ;394.253           ;     ;           ;         ;     ;  ;           ;          
04/25/2019 23:17:33             ;   ;                       ;0.259              ;394.296           ;     ;           ;         ;     ;  ;           ;          
04/25/2019 23:17:32             ;   ;                       ;0.259              ;394.336           ;     ;           ;         ;     ;  ;           ;          
04/25/2019 23:17:31             ;   ;                       ;0.259              ;394.375           ;     ;           ;         ;     ;  ;           ;          
04/25/2019 23:17:30             ;   ;                       ;0.259              ;394.411           ;     ;           ;         ;     ;  ;           ;          
04/25/2019 23:17:29             ;   ;                       ;0.259              ;394.443           ;     ;           ;         ;     ;  ;           ;          
04/25/2019 23:17:28             ;   ;                       ;0.259              ;394.472           ;     ;           ;         ;     ;  ;           ;          
04/25/2019 23:17:27             ;   ;                       ;0.259              ;394.497           ;     ;           ;         ;     ;  ;           ;          
04/25/2019 23:17:26             ;   ;                       ;0.260              ;394.516           ;     ;           ;         ;     ;  ;           ;          
04/25/2019 23:17:25             ;   ;                       ;0.260              ;394.531           ;     ;           ;         ;     ;  ;           ;          
04/25/2019 23:17:24             ;   ;                       ;0.260              ;394.540           ;     ;           ;         ;     ;  ;           ;          
04/25/2019 23:17:23             ;   ;                       ;0.261              ;394.544           ;     ;           ;         ;     ;  ;           ;          
04/25/2019 23:17:22             ;   ;                       ;0.261              ;394.541           ;     ;           ;         ;     ;  ;           ;          
04/25/2019 23:17:21             ;   ;                       ;0.262              ;394.532           ;     ;           ;         ;     ;  ;           ;          
04/25/2019 23:17:20             ;   ;                       ;0.262              ;394.516           ;     ;           ;         ;     ;  ;           ;          
04/25/2019 23:17:19             ;   ;                       ;0.263              ;394.493           ;     ;           ;         ;     ;  ;           ;          
04/25/2019 23:17:18             ;   ;                       ;0.264              ;394.463           ;     ;           ;         ;     ;  ;           ;          
04/25/2019 23:17:17             ;   ;                       ;0.265              ;394.427           ;     ;           ;         ;     ;  ;           ;          
04/25/2019 23:17:16             ;   ;                       ;0.265              ;394.384           ;     ;           ;         ;     ;  ;           ;          
04/25/2019 23:17:15             ;   ;                       ;0.266              ;394.335           ;     ;           ;         ;     ;  ;           ;          
04/25/2019 23:17:14             ;   ;                       ;0.267              ;394.280           ;     ;           ;         ;     ;  ;           ;          
04/25/2019 23:17:13             ;   ;                       ;0.268              ;394.219           ;     ;           ;         ;     ;  ;           ;          
04/25/2019 23:17:12             ;   ;                       ;0.269              ;394.152           ;     ;           ;         ;     ;  ;           ;          
04/25/2019 23:17:11             ;   ;                       ;0.270              ;394.081           ;     ;           ;         ;     ;  ;           ;          
